,kd,kp,sync_time,input_energy
0,0.024213793103448275,0.7827586206896552,26.12,17.93933011873105
1,0.03799310344827586,2.148275862068966,25.95,63.71661979383157
2,0.02076896551724138,3.855172413793104,25.59,291.33965962750335
3,0.017324137931034482,0.4413793103448276,23.54,9.062222709803336
4,0.013879310344827585,0.4413793103448276,23.150000000000002,9.165959122669392
5,0.02076896551724138,0.4413793103448276,22.62,10.447762027661383
6,0.0001,0.1,20.18,-0.050399946090465164
7,0.0035448275862068964,0.1,19.12,2.4825882837080826
8,0.02076896551724138,0.7827586206896552,18.76,17.855463564795173
9,0.02765862068965517,0.7827586206896552,18.56,18.665078934208623
10,0.006989655172413793,0.1,18.48,3.1458879171518674
11,0.04143793103448276,3.513793103448276,18.19,127.06826136031736
12,0.03799310344827586,6.927586206896551,17.73,425.5066909231805
13,0.03454827586206897,1.806896551724138,17.73,52.67650755584418
14,0.04143793103448276,9.317241379310344,17.150000000000002,578.208944130939
15,0.048327586206896554,7.268965517241379,16.95,334.78496963212456
16,0.02765862068965517,1.124137931034483,16.53,28.460536751015525
17,0.03454827586206897,1.124137931034483,16.35,26.506211874118208
18,0.024213793103448275,1.124137931034483,15.89,29.458632288996796
19,0.04488275862068966,5.562068965517241,15.67,240.25415602444923
20,0.03454827586206897,2.148275862068966,15.48,69.3611642232097
21,0.048327586206896554,8.293103448275863,15.42,396.88955715175143
22,0.04488275862068966,6.244827586206896,15.27,294.0309273149078
23,0.024213793103448275,0.4413793103448276,15.14,11.533091712427904
24,0.006989655172413793,0.4413793103448276,15.11,5.066374342190784
25,0.03799310344827586,2.4896551724137934,15.040000000000001,81.06242249533352
26,0.010434482758620689,0.4413793103448276,14.96,8.293071004790363
27,0.031103448275862068,1.4655172413793105,14.76,40.54308931008063
28,0.04143793103448276,9.658620689655173,14.63,605.4873847562048
29,0.0035448275862068964,0.4413793103448276,14.42,4.134612793172664
30,0.04143793103448276,6.586206896551724,14.25,354.4544930215611
31,0.04143793103448276,3.855172413793104,14.24,149.06908600793963
32,0.04488275862068966,8.975862068965517,13.9,491.5610169481811
33,0.02765862068965517,1.4655172413793105,13.81,42.350968260484024
34,0.03799310344827586,1.4655172413793105,13.71,35.39499126026499
35,0.03454827586206897,2.4896551724137934,13.63,88.18518802829203
36,0.03799310344827586,2.831034482758621,13.33,99.91001415790765
37,0.03799310344827586,6.586206896551724,13.290000000000001,398.2436836459401
38,0.04143793103448276,4.196551724137931,13.13,170.26203328456495
39,0.02076896551724138,4.196551724137931,13.07,339.0238047575049
40,0.03799310344827586,7.268965517241379,12.93,454.1613499006644
41,0.04488275862068966,5.903448275862069,12.76,268.0716637818116
42,0.04143793103448276,4.537931034482758,12.540000000000001,192.47120269280094
43,0.031103448275862068,1.806896551724138,12.51,55.822560695921084
44,0.04143793103448276,8.63448275862069,12.47,517.2882592849082
45,0.04143793103448276,1.806896551724138,12.44,44.398595895349445
46,0.03454827586206897,0.7827586206896552,12.33,17.219627042000866
47,0.03454827586206897,2.831034482758621,12.33,109.19678743816439
48,0.03799310344827586,3.1724137931034484,12.25,120.02440714821114
49,0.017324137931034482,0.7827586206896552,12.200000000000001,18.757544510464413
50,0.024213793103448275,1.806896551724138,12.08,64.94414529959295
51,0.02765862068965517,1.806896551724138,12.040000000000001,60.90139943943177
52,0.04143793103448276,10.0,12.01,634.2569168440796
53,0.04143793103448276,4.879310344827586,11.93,217.4256893511374
54,0.013879310344827585,0.7827586206896552,11.81,16.576698097147755
55,0.02076896551724138,2.148275862068966,11.67,96.74417495790522
56,0.03454827586206897,6.586206896551724,11.44,447.7772658170261
57,0.04488275862068966,2.148275862068966,11.4,53.5873853704195
58,0.03454827586206897,6.927586206896551,11.290000000000001,477.9044410477918
59,0.03454827586206897,3.1724137931034484,11.26,132.8644451519731
60,0.03799310344827586,3.513793103448276,11.24,141.3929221507624
61,0.031103448275862068,0.7827586206896552,11.1,18.121433687432273
62,0.05177241379310345,3.513793103448276,11.07,96.07180455295475
63,0.05177241379310345,6.927586206896551,11.01,287.9948761526982
64,0.031103448275862068,2.148275862068966,10.96,74.68510207215763
65,0.04143793103448276,5.220689655172413,10.92,242.77681368056005
66,0.04488275862068966,7.268965517241379,10.790000000000001,367.47597506182956
67,0.024213793103448275,2.148275862068966,10.66,87.72302858254398
68,0.04143793103448276,8.975862068965517,10.65,550.3679676569964
69,0.03799310344827586,3.855172413793104,10.63,165.05214783441443
70,0.05521724137931035,9.658620689655173,10.6,421.1565322496426
71,0.02765862068965517,2.148275862068966,10.6,82.61821341258064
72,0.048327586206896554,6.927586206896551,10.540000000000001,314.72533601913574
73,0.04143793103448276,7.610344827586207,10.53,429.17411859683307
74,0.04143793103448276,5.562068965517241,10.39,267.93314102526574
75,0.04143793103448276,2.148275862068966,10.32,58.07629177145009
76,0.03454827586206897,3.513793103448276,10.27,157.11986656515046
77,0.02076896551724138,1.124137931034483,10.11,31.44817980092239
78,0.03799310344827586,4.196551724137931,10.08,189.34572382514762
79,0.017324137931034482,1.124137931034483,10.040000000000001,30.104985864158607
80,0.04143793103448276,1.124137931034483,10.03,23.693920573529567
81,0.031103448275862068,1.124137931034483,9.98,28.220945589764142
82,0.05521724137931035,4.537931034482758,9.950000000000001,132.87786909559827
83,0.024213793103448275,2.4896551724137934,9.88,116.53631419335716
84,0.03799310344827586,4.537931034482758,9.870000000000001,214.98244339834082
85,0.031103448275862068,2.4896551724137934,9.85,96.6294711231917
86,0.03799310344827586,9.658620689655173,9.8,677.966821406671
87,0.04488275862068966,7.951724137931034,9.76,413.4294785795332
88,0.02765862068965517,2.4896551724137934,9.76,106.3946157455066
89,0.04143793103448276,6.244827586206896,9.76,327.29483554508124
90,0.04488275862068966,2.4896551724137934,9.73,66.87791217805216
91,0.048327586206896554,2.831034482758621,9.700000000000001,75.03479269877471
92,0.03799310344827586,8.293103448275863,9.59,546.7700071907611
93,0.03454827586206897,3.855172413793104,9.58,183.52637811195746
94,0.031103448275862068,6.586206896551724,9.540000000000001,507.2605219314205
95,0.05521724137931035,10.0,9.46,445.44402044148046
96,0.03799310344827586,6.244827586206896,9.39,367.21174312519815
97,0.03454827586206897,6.244827586206896,9.370000000000001,410.87916892981457
98,0.02076896551724138,4.537931034482758,9.35,394.51077937259015
99,0.031103448275862068,6.244827586206896,9.34,467.1174957968833
100,0.03799310344827586,1.124137931034483,9.33,24.74742668839167
101,0.03799310344827586,10.0,9.290000000000001,704.4877140341114
102,0.031103448275862068,2.831034482758621,9.18,121.35112018672271
103,0.03799310344827586,8.63448275862069,9.14,579.3935982261592
104,0.03799310344827586,4.879310344827586,9.11,241.61171624950452
105,0.04488275862068966,6.927586206896551,9.06,345.2404128444905
106,0.024213793103448275,1.4655172413793105,9.01,46.16568715558719
107,0.03454827586206897,4.196551724137931,9.0,212.60663710900326
108,0.017324137931034482,1.4655172413793105,8.99,49.78972275078445
109,0.06555172413793103,7.268965517241379,8.97,238.27292798771236
110,0.048327586206896554,1.4655172413793105,8.950000000000001,29.107341868065987
111,0.05866206896551725,5.903448275862069,8.950000000000001,188.1894257826566
112,0.05177241379310345,9.317241379310344,8.93,431.248754363578
113,0.024213793103448275,2.831034482758621,8.89,148.62206509613816
114,0.031103448275862068,3.855172413793104,8.88,206.53735962209907
115,0.02076896551724138,1.4655172413793105,8.88,46.71640908959603
116,0.02765862068965517,6.586206896551724,8.86,575.4747453915002
117,0.05521724137931035,4.879310344827586,8.85,149.01997679835813
118,0.03799310344827586,5.220689655172413,8.82,270.8870701090193
119,0.02765862068965517,2.831034482758621,8.790000000000001,132.91347825316507
120,0.031103448275862068,6.927586206896551,8.75,543.076507068753
121,0.03454827586206897,8.293103448275863,8.73,619.955553810712
122,0.013879310344827585,10.0,8.69,2116.8224876158
123,0.031103448275862068,3.1724137931034484,8.67,148.35386758100276
124,0.04488275862068966,2.831034482758621,8.61,81.8663990402124
125,0.048327586206896554,3.1724137931034484,8.6,89.55507848433808
126,0.03799310344827586,8.975862068965517,8.55,618.24853630505
127,0.03454827586206897,1.4655172413793105,8.5,38.30765808225533
128,0.03454827586206897,8.63448275862069,8.48,657.1515376607322
129,0.03454827586206897,4.537931034482758,8.47,242.59497733640274
130,0.04143793103448276,5.903448275862069,8.45,297.339838370965
131,0.03454827586206897,4.879310344827586,8.45,272.7610143292818
132,0.03799310344827586,9.317241379310344,8.43,651.2018837821461
133,0.03454827586206897,5.220689655172413,8.32,304.9733099592413
134,0.024213793103448275,3.1724137931034484,8.3,181.92994341035933
135,0.03454827586206897,7.268965517241379,8.27,510.76011722668636
136,0.04488275862068966,1.4655172413793105,8.24,30.982796207768388
137,0.02765862068965517,3.1724137931034484,8.23,162.10252163381574
138,0.031103448275862068,4.196551724137931,8.23,237.2751573067601
139,0.031103448275862068,3.513793103448276,8.18,176.20663528135628
140,0.05177241379310345,3.855172413793104,8.17,111.22500658811418
141,0.05177241379310345,9.658620689655173,8.17,456.9804799022022
142,0.03454827586206897,10.0,8.14,792.6000192328602
143,0.03454827586206897,9.658620689655173,8.08,762.3852057634622
144,0.03799310344827586,7.610344827586207,8.03,482.13556520143356
145,0.03799310344827586,5.562068965517241,8.01,301.26041548398643
146,0.04143793103448276,7.951724137931034,8.01,459.88362767838225
147,0.05521724137931035,6.586206896551724,7.86,245.05159611698173
148,0.02076896551724138,1.806896551724138,7.8500000000000005,68.93198549145177
149,0.024213793103448275,3.513793103448276,7.7700000000000005,217.76464945375733
150,0.017324137931034482,5.903448275862069,7.76,742.3022501548621
151,0.05866206896551725,6.244827586206896,7.76,207.57560607840242
152,0.05177241379310345,1.806896551724138,7.75,36.019067463323154
153,0.031103448275862068,4.537931034482758,7.73,270.1341521020531
154,0.03799310344827586,5.903448275862069,7.72,331.4287745019392
155,0.04143793103448276,1.4655172413793105,7.72,33.02776750666317
156,0.05521724137931035,5.220689655172413,7.7,165.23429000206397
157,0.02765862068965517,3.513793103448276,7.69,195.71827290031433
158,0.02765862068965517,6.244827586206896,7.69,535.6249738381425
159,0.024213793103448275,3.855172413793104,7.67,257.5497537560325
160,0.013879310344827585,9.658620689655173,7.67,2055.3618050104783
161,0.03454827586206897,7.951724137931034,7.66,578.1188823886569
162,0.03799310344827586,1.806896551724138,7.66,48.434626816490436
163,0.03799310344827586,7.951724137931034,7.640000000000001,512.5122855302398
164,0.02765862068965517,3.855172413793104,7.63,232.85604289491425
165,0.048327586206896554,3.513793103448276,7.62,105.12974329288318
166,0.05177241379310345,4.196551724137931,7.61,127.2880248156182
167,0.04488275862068966,3.1724137931034484,7.61,97.86967630218078
168,0.031103448275862068,10.0,7.6000000000000005,897.7079709953632
169,0.05177241379310345,7.951724137931034,7.51,343.9779951171863
170,0.05177241379310345,10.0,7.49,479.0337867095636
171,0.031103448275862068,9.658620689655173,7.49,871.2777973035436
172,0.024213793103448275,6.244827586206896,7.42,606.8362301244488
173,0.06899655172413793,3.855172413793104,7.42,79.31605111226327
174,0.06555172413793103,3.513793103448276,7.41,72.55765847224939
175,0.03454827586206897,5.903448275862069,7.38,375.77083461185975
176,0.06210689655172414,8.63448275862069,7.36,307.5012117281708
177,0.031103448275862068,8.293103448275863,7.34,701.7334094198904
178,0.031103448275862068,5.903448275862069,7.34,427.2487020020362
179,0.06210689655172414,7.268965517241379,7.3,252.30198788041798
180,0.03454827586206897,8.975862068965517,7.2700000000000005,696.6758242863084
181,0.031103448275862068,7.951724137931034,7.2700000000000005,663.0686372245632
182,0.031103448275862068,4.879310344827586,7.25,307.818559210667
183,0.02076896551724138,5.903448275862069,7.23,638.7907186480243
184,0.017324137931034482,6.244827586206896,7.18,828.0964174790197
185,0.02765862068965517,5.903448275862069,7.18,481.5601788762028
186,0.024213793103448275,4.196551724137931,7.16,302.5708359435839
187,0.05177241379310345,6.586206896551724,7.15,265.910029354299
188,0.02765862068965517,4.196551724137931,7.15,269.5770134554364
189,0.024213793103448275,5.903448275862069,7.140000000000001,553.9684354723622
190,0.02076896551724138,6.244827586206896,7.140000000000001,705.4333332311244
191,0.048327586206896554,1.806896551724138,7.12,38.52827479345615
192,0.013879310344827585,9.317241379310344,7.12,1925.4654959131854
193,0.07588620689655172,6.927586206896551,7.07,187.55022998183858
194,0.02765862068965517,4.537931034482758,7.0600000000000005,307.32052739003666
195,0.048327586206896554,6.586206896551724,7.05,290.1133959682129
196,0.02765862068965517,10.0,7.05,1036.8413130713861
197,0.024213793103448275,4.537931034482758,7.05,350.9187636286347
198,0.048327586206896554,3.855172413793104,7.0,122.0350570293383
199,0.024213793103448275,6.586206896551724,7.0,664.3780658380929
200,0.010434482758620689,1.806896551724138,7.0,79.06293356305741
201,0.05177241379310345,4.537931034482758,6.98,144.375239389331
202,0.02765862068965517,9.658620689655173,6.98,992.2613743753263
203,0.04488275862068966,3.513793103448276,6.93,114.900025351051
204,0.017324137931034482,10.0,6.92,1743.6011322767408
205,0.04143793103448276,3.1724137931034484,6.9,108.03605326698585
206,0.031103448275862068,8.63448275862069,6.9,755.4838174882016
207,0.07244137931034483,4.537931034482758,6.87,97.01215921770017
208,0.02765862068965517,8.293103448275863,6.86,814.618688472362
209,0.048327586206896554,9.317241379310344,6.8500000000000005,471.0552951643026
210,0.02765862068965517,6.927586206896551,6.84,622.1224052287221
211,0.05866206896551725,7.610344827586207,6.79,285.35048526010996
212,0.03454827586206897,9.317241379310344,6.7700000000000005,737.3665239131888
213,0.04143793103448276,6.927586206896551,6.76,381.62296220286134
214,0.013879310344827585,1.806896551724138,6.76,77.12976667011708
215,0.013879310344827585,8.293103448275863,6.72,1600.287068526518
216,0.06210689655172414,7.951724137931034,6.71,282.3522473776934
217,0.05521724137931035,2.148275862068966,6.71,42.655295653043595
218,0.024213793103448275,8.293103448275863,6.69,955.9700729842507
219,0.031103448275862068,9.317241379310344,6.69,835.6935760797123
220,0.017324137931034482,7.951724137931034,6.69,1231.8209286952638
221,0.04488275862068966,6.586206896551724,6.69,319.9242677908587
222,0.017324137931034482,6.586206896551724,6.68,905.2745827376189
223,0.02076896551724138,6.586206896551724,6.65,766.1406495824499
224,0.02076896551724138,4.879310344827586,6.65,454.676705854587
225,0.024213793103448275,9.658620689655173,6.65,1157.7625181242583
226,0.04488275862068966,1.806896551724138,6.640000000000001,41.20199485022886
227,0.02765862068965517,4.879310344827586,6.63,347.30322417763455
228,0.031103448275862068,8.975862068965517,6.63,794.3816888572783
229,0.017324137931034482,1.806896551724138,6.62,73.05229635085334
230,0.05521724137931035,5.562068965517241,6.61,183.9110302704762
231,0.031103448275862068,5.220689655172413,6.5600000000000005,343.89854610353905
232,0.05866206896551725,7.268965517241379,6.55,268.0415040080752
233,0.024213793103448275,4.879310344827586,6.54,396.1488585947982
234,0.04143793103448276,2.4896551724137934,6.5,73.36615178683451
235,0.048327586206896554,9.658620689655173,6.5,498.87393410376717
236,0.048327586206896554,4.196551724137931,6.49,138.98634153048192
237,0.05177241379310345,4.879310344827586,6.48,161.87349759778522
238,0.031103448275862068,7.268965517241379,6.47,581.2668833515754
239,0.017324137931034482,8.293103448275863,6.44,1332.194270365227
240,0.024213793103448275,6.927586206896551,6.43,711.4068819849049
241,0.02765862068965517,8.63448275862069,6.41,866.563668181338
242,0.03454827586206897,7.610344827586207,6.41,546.5867380025534
243,0.017324137931034482,9.658620689655173,6.4,1642.6934254109792
244,0.02076896551724138,6.927586206896551,6.36,831.2023016383819
245,0.02765862068965517,9.317241379310344,6.36,953.9087237376993
246,0.07588620689655172,5.220689655172413,6.33,115.40921513911962
247,0.048327586206896554,10.0,6.3,520.9237552186778
248,0.02076896551724138,10.0,6.29,1428.4288963762856
249,0.024213793103448275,10.0,6.29,1209.5043851157952
250,0.024213793103448275,9.317241379310344,6.29,1114.1639776842699
251,0.010434482758620689,2.148275862068966,6.28,118.49560021303091
252,0.04143793103448276,7.268965517241379,6.2700000000000005,406.38537335250203
253,0.031103448275862068,7.610344827586207,6.26,617.919885711698
254,0.05177241379310345,5.220689655172413,6.25,179.56930119022036
255,0.04488275862068966,3.855172413793104,6.25,134.22000516750904
256,0.02765862068965517,7.268965517241379,6.25,670.1658768457833
257,0.0001,0.4413793103448276,6.25,3.7265205376347694
258,0.02765862068965517,8.975862068965517,6.23,917.625271044893
259,0.06210689655172414,2.831034482758621,6.22,55.90055291704539
260,0.02076896551724138,8.975862068965517,6.22,1244.2655990265148
261,0.048327586206896554,4.537931034482758,6.22,157.48453083386403
262,0.02076896551724138,8.293103448275863,6.21,1110.8084984499756
263,0.05866206896551725,2.4896551724137934,6.2,49.27660126674709
264,0.017324137931034482,6.927586206896551,6.19,979.8104223028467
265,0.05177241379310345,2.148275862068966,6.17,45.687170687289154
266,0.03454827586206897,5.562068965517241,6.12,339.3245417287376
267,0.024213793103448275,8.63448275862069,6.12,1000.0923382006913
268,0.04488275862068966,7.610344827586207,6.1000000000000005,389.75649001142483
269,0.02765862068965517,5.220689655172413,6.07,390.51536045425837
270,0.05521724137931035,8.293103448275863,6.0600000000000005,334.7039555533129
271,0.02765862068965517,7.951724137931034,6.05,762.2153147543545
272,0.08277586206896552,9.658620689655173,6.04,274.2048981880773
273,0.017324137931034482,7.268965517241379,6.0200000000000005,1075.2997889402864
274,0.04143793103448276,2.831034482758621,6.0200000000000005,90.02996125141931
275,0.02076896551724138,5.220689655172413,6.0,512.8705872676073
276,0.048327586206896554,2.148275862068966,6.0,49.34135491243228
277,0.024213793103448275,5.220689655172413,5.99,445.4725550186131
278,0.05866206896551725,8.63448275862069,5.98,328.63012023270176
279,0.07244137931034483,6.927586206896551,5.97,196.6029273622321
280,0.05521724137931035,2.4896551724137934,5.97,52.64673378170846
281,0.05521724137931035,6.244827586206896,5.96,223.98043525954427
282,0.02765862068965517,7.610344827586207,5.96,710.1241471710264
283,0.07933103448275862,8.975862068965517,5.96,254.65171571662995
284,0.017324137931034482,7.610344827586207,5.95,1153.989880703768
285,0.024213793103448275,7.268965517241379,5.94,769.672986505756
286,0.031103448275862068,5.562068965517241,5.92,383.2015246600945
287,0.048327586206896554,4.879310344827586,5.92,177.02264331333345
288,0.02076896551724138,7.268965517241379,5.91,895.6518583334719
289,0.017324137931034482,8.975862068965517,5.91,1495.435311825389
290,0.02076896551724138,7.951724137931034,5.9,1047.3946536357626
291,0.024213793103448275,7.951724137931034,5.89,880.0522715994011
292,0.048327586206896554,7.951724137931034,5.87,374.90434537396277
293,0.02076896551724138,7.610344827586207,5.86,951.7029183163386
294,0.024213793103448275,7.610344827586207,5.84,827.853803775748
295,0.02076896551724138,9.317241379310344,5.83,1296.911103617329
296,0.013879310344827585,2.148275862068966,5.83,109.78894421705354
297,0.017324137931034482,9.317241379310344,5.82,1555.1487628431705
298,0.006989655172413793,2.831034482758621,5.82,236.61970755644006
299,0.07588620689655172,5.562068965517241,5.7700000000000005,128.37729808981976
300,0.04488275862068966,10.0,5.76,573.3827390032266
301,0.04488275862068966,9.658620689655173,5.76,548.5486487495127
302,0.07244137931034483,4.879310344827586,5.74,108.93446010993102
303,0.017324137931034482,5.562068965517241,5.73,674.7253746176057
304,0.06899655172413793,4.196551724137931,5.73,90.462609893033
305,0.04488275862068966,4.196551724137931,5.72,153.27210910836175
306,0.017324137931034482,2.148275862068966,5.71,101.02051860647225
307,0.02076896551724138,9.658620689655173,5.71,1366.895842528872
308,0.05521724137931035,5.903448275862069,5.69,203.0591078043792
309,0.048327586206896554,5.220689655172413,5.67,196.73835659556016
310,0.024213793103448275,8.975862068965517,5.66,1062.9917042851575
311,0.010434482758620689,2.4896551724137934,5.65,158.19766752647342
312,0.05177241379310345,5.562068965517241,5.61,199.57359643793916
313,0.06210689655172414,3.1724137931034484,5.61,66.18192413378051
314,0.02765862068965517,5.562068965517241,5.58,435.12338686392377
315,0.05521724137931035,8.975862068965517,5.57,379.1526204641673
316,0.04488275862068966,4.537931034482758,5.57,172.9110527328096
317,0.02076896551724138,5.562068965517241,5.57,571.0189644969901
318,0.024213793103448275,5.562068965517241,5.5600000000000005,499.6878238786021
319,0.05866206896551725,2.831034482758621,5.5200000000000005,59.472710164405726
320,0.013879310344827585,8.63448275862069,5.51,1728.4055407126102
321,0.05177241379310345,2.4896551724137934,5.5,56.524227289492046
322,0.07244137931034483,8.63448275862069,5.47,263.67224379944173
323,0.05177241379310345,8.975862068965517,5.46,408.9894191250023
324,0.05521724137931035,8.63448275862069,5.45,355.27533360347206
325,0.05177241379310345,8.293103448275863,5.45,362.8830086400917
326,0.02076896551724138,8.63448275862069,5.42,1180.3004232627736
327,0.08277586206896552,9.317241379310344,5.42,256.06236169135445
328,0.017324137931034482,8.63448275862069,5.4,1407.671056131694
329,0.06899655172413793,6.927586206896551,5.37,206.95973428945922
330,0.05177241379310345,6.244827586206896,5.2700000000000005,243.07220423989884
331,0.07933103448275862,6.586206896551724,5.2700000000000005,163.60225148497148
332,0.010434482758620689,0.7827586206896552,5.22,15.696565123404525
333,0.07933103448275862,6.244827586206896,5.22,149.16982179305614
334,0.04488275862068966,9.317241379310344,5.21,519.0409475671768
335,0.013879310344827585,2.4896551724137934,5.19,148.69927116508802
336,0.048327586206896554,6.244827586206896,5.19,266.08706983835737
337,0.05177241379310345,5.903448275862069,5.17,221.5430546652317
338,0.06555172413793103,6.927586206896551,5.12,218.48918096636316
339,0.04488275862068966,4.879310344827586,5.11,195.30825876256972
340,0.010434482758620689,2.831034482758621,5.1000000000000005,215.18019063897964
341,0.06555172413793103,3.855172413793104,5.1000000000000005,83.78879333708005
342,0.017324137931034482,2.4896551724137934,5.09,138.5764872231025
343,0.013879310344827585,8.975862068965517,5.08,1836.709330886324
344,0.02076896551724138,2.4896551724137934,5.0600000000000005,125.82800525133052
345,0.048327586206896554,2.4896551724137934,5.05,61.35355384445006
346,0.05521724137931035,2.831034482758621,5.05,63.627091826520655
347,0.048327586206896554,8.975862068965517,4.98,445.0394641824705
348,0.06210689655172414,3.513793103448276,4.97,76.96571507748013
349,0.07933103448275862,9.658620689655173,4.94,288.34552469178107
350,0.05866206896551725,3.1724137931034484,4.94,70.61399515938183
351,0.06555172413793103,8.293103448275863,4.91,278.8296153507197
352,0.05177241379310345,8.63448275862069,4.9,386.0380784245617
353,0.05177241379310345,2.831034482758621,4.88,68.82819900888876
354,0.07933103448275862,9.317241379310344,4.83,266.520500945463
355,0.07588620689655172,8.975862068965517,4.83,264.215305882125
356,0.07588620689655172,6.586206896551724,4.76,170.88306002636273
357,0.006989655172413793,3.1724137931034484,4.76,304.2771753274269
358,0.048327586206896554,5.903448275862069,4.7,243.0354473684556
359,0.07244137931034483,6.586206896551724,4.67,179.08812925157144
360,0.06210689655172414,6.927586206896551,4.67,232.45273754888194
361,0.013879310344827585,2.831034482758621,4.64,196.90658075221836
362,0.07244137931034483,5.220689655172413,4.63,120.86183028792539
363,0.006989655172413793,0.7827586206896552,4.63,15.89508208389043
364,0.05521724137931035,7.268965517241379,4.63,286.46588709764
365,0.06899655172413793,4.537931034482758,4.61,102.11703117421985
366,0.006989655172413793,3.513793103448276,4.61,392.03985102693787
367,0.010434482758620689,3.1724137931034484,4.59,270.39755208412885
368,0.05521724137931035,7.610344827586207,4.57,304.54515228425225
369,0.05866206896551725,6.927586206896551,4.57,247.76536898411882
370,0.017324137931034482,2.831034482758621,4.5600000000000005,176.54739087644043
371,0.0035448275862068964,0.7827586206896552,4.5600000000000005,11.438669410036937
372,0.06899655172413793,4.879310344827586,4.55,114.56191909088557
373,0.048327586206896554,5.562068965517241,4.55,218.47656950493638
374,0.05521724137931035,3.1724137931034484,4.54,75.8469181032774
375,0.02076896551724138,2.831034482758621,4.54,160.92436410149048
376,0.05521724137931035,6.927586206896551,4.5200000000000005,265.4835510417329
377,0.06555172413793103,4.196551724137931,4.48,95.53156835374512
378,0.0001,0.7827586206896552,4.47,11.73034302915903
379,0.05866206896551725,3.513793103448276,4.42,82.105947067756
380,0.07588620689655172,9.658620689655173,4.41,302.4627324511007
381,0.06210689655172414,3.855172413793104,4.4,88.93596941644023
382,0.05177241379310345,3.1724137931034484,4.37,82.03871742784077
383,0.06555172413793103,4.537931034482758,4.3500000000000005,107.98443186215968
384,0.048327586206896554,8.63448275862069,4.25,421.66773934721914
385,0.05521724137931035,3.513793103448276,4.22,88.37633361317603
386,0.04488275862068966,8.293103448275863,4.21,437.7032205855985
387,0.04488275862068966,8.63448275862069,4.21,464.87060121582635
388,0.06899655172413793,6.586206896551724,4.18,188.61860202296998
389,0.05866206896551725,7.951724137931034,4.16,298.90420400751646
390,0.06899655172413793,8.63448275862069,4.16,276.0390901236192
391,0.05177241379310345,7.268965517241379,4.15,308.6780602064209
392,0.013879310344827585,3.1724137931034484,4.15,246.0908822169872
393,0.04143793103448276,8.293103448275863,4.13,486.6791003931039
394,0.07588620689655172,9.317241379310344,4.13,278.8093275991969
395,0.0035448275862068964,4.196551724137931,4.12,705.343655163615
396,0.013879310344827585,1.124137931034483,4.11,31.668643681302683
397,0.006989655172413793,3.855172413793104,4.11,487.21736280786763
398,0.02076896551724138,3.1724137931034484,4.1,203.14337212444343
399,0.010434482758620689,3.513793103448276,4.09,345.71398035515585
400,0.07588620689655172,6.244827586206896,4.08,155.7631092160259
401,0.017324137931034482,3.1724137931034484,4.08,221.52382947387014
402,0.07588620689655172,5.903448275862069,4.05,141.89905218572767
403,0.07244137931034483,8.975862068965517,4.04,276.30885209247253
404,0.05177241379310345,7.610344827586207,4.04,328.372995958674
405,0.06210689655172414,8.293103448275863,4.03,294.07704158530487
406,0.04488275862068966,5.220689655172413,4.03,218.0249452188341
407,0.010434482758620689,1.124137931034483,4.0200000000000005,30.419972295531124
408,0.06210689655172414,4.196551724137931,4.01,101.43638792868387
409,0.010434482758620689,3.855172413793104,4.01,418.0911322065067
410,0.013879310344827585,3.513793103448276,4.0,308.1986636467386
411,0.006989655172413793,4.196551724137931,4.0,592.5144712461388
412,0.05866206896551725,3.855172413793104,3.99,95.00538443738628
413,0.017324137931034482,3.513793103448276,3.97,274.77755146151003
414,0.02076896551724138,3.513793103448276,3.97,246.2248746886953
415,0.05521724137931035,7.951724137931034,3.97,319.1445183975775
416,0.013879310344827585,3.855172413793104,3.96,369.44670263454464
417,0.07244137931034483,5.562068965517241,3.94,134.3732802356201
418,0.017324137931034482,3.855172413793104,3.93,327.99090832595994
419,0.06555172413793103,8.63448275862069,3.91,290.36554794059043
420,0.06555172413793103,6.586206896551724,3.88,199.70348173836737
421,0.07244137931034483,9.317241379310344,3.87,294.6019534697093
422,0.06555172413793103,4.879310344827586,3.86,121.02717105715283
423,0.06210689655172414,4.537931034482758,3.84,114.87382303232835
424,0.06899655172413793,5.220689655172413,3.83,127.1006176238784
425,0.05521724137931035,3.855172413793104,3.8000000000000003,102.3779856558483
426,0.05866206896551725,4.196551724137931,3.79,108.49156025785487
427,0.013879310344827585,6.927586206896551,3.7600000000000002,1178.977844941744
428,0.05866206896551725,4.537931034482758,3.65,123.10732833941006
429,0.06555172413793103,10.0,3.63,363.30141906828067
430,0.05521724137931035,4.196551724137931,3.63,117.07852047132701
431,0.06210689655172414,4.879310344827586,3.62,128.6950846212212
432,0.06899655172413793,8.975862068965517,3.62,290.12987016304805
433,0.06210689655172414,10.0,3.58,386.61517737026315
434,0.07244137931034483,9.658620689655173,3.58,318.0076657711188
435,0.013879310344827585,1.4655172413793105,3.58,49.978065466440285
436,0.05866206896551725,10.0,3.5700000000000003,414.7826485420287
437,0.006989655172413793,1.124137931034483,3.5700000000000003,29.403154087550092
438,0.0035448275862068964,4.537931034482758,3.5700000000000003,874.5314033060267
439,0.05866206896551725,8.293103448275863,3.54,312.10669110929393
440,0.010434482758620689,4.196551724137931,3.54,515.5203040546107
441,0.0035448275862068964,1.124137931034483,3.54,29.22308819733098
442,0.0001,1.124137931034483,3.5300000000000002,25.93450188334191
443,0.010434482758620689,1.4655172413793105,3.5100000000000002,52.294828040923676
444,0.0001,4.879310344827586,3.5,1349.5536678018589
445,0.013879310344827585,4.196551724137931,3.49,437.88696996468207
446,0.010434482758620689,9.317241379310344,3.48,2437.9370432133564
447,0.07244137931034483,6.244827586206896,3.48,163.2212122616927
448,0.006989655172413793,4.537931034482758,3.48,720.1661329811122
449,0.06899655172413793,9.658620689655173,3.47,333.68524920212803
450,0.017324137931034482,4.196551724137931,3.46,387.2203732427479
451,0.06899655172413793,9.317241379310344,3.45,312.5405140154362
452,0.010434482758620689,4.537931034482758,3.45,606.2286243354838
453,0.013879310344827585,4.537931034482758,3.43,521.5797703361595
454,0.06555172413793103,8.975862068965517,3.42,307.23540448048425
455,0.017324137931034482,4.537931034482758,3.42,453.0343849015626
456,0.06555172413793103,9.658620689655173,3.42,350.11072726112707
457,0.006989655172413793,8.63448275862069,3.4,2960.875556169206
458,0.0035448275862068964,4.879310344827586,3.4,1048.930172661343
459,0.010434482758620689,9.658620689655173,3.38,2559.9095696503355
460,0.06555172413793103,5.220689655172413,3.38,134.28085869564302
461,0.010434482758620689,8.975862068965517,3.37,2345.0906267168375
462,0.06210689655172414,6.586206896551724,3.35,212.83656200064843
463,0.07244137931034483,5.903448275862069,3.33,148.52813823872884
464,0.06899655172413793,5.562068965517241,3.31,141.20322197650057
465,0.017324137931034482,4.879310344827586,3.3000000000000003,517.4594722420552
466,0.05866206896551725,6.586206896551724,3.2800000000000002,227.5280217288298
467,0.010434482758620689,8.63448275862069,3.27,2212.781705468279
468,0.05866206896551725,4.879310344827586,3.2600000000000002,137.9251525295217
469,0.06899655172413793,6.244827586206896,3.25,171.8247454742443
470,0.06210689655172414,5.220689655172413,3.21,142.84883146030893
471,0.006989655172413793,8.293103448275863,3.21,3921.5457109939907
472,0.06899655172413793,5.903448275862069,3.2,156.17298062751547
473,0.06555172413793103,6.244827586206896,3.18,181.71234511382
474,0.013879310344827585,7.268965517241379,3.18,1282.3910651121687
475,0.06555172413793103,5.562068965517241,3.18,149.1657095723608
476,0.06210689655172414,6.244827586206896,3.14,193.52868514167903
477,0.06555172413793103,5.903448275862069,3.11,165.09745857918756
478,0.013879310344827585,7.610344827586207,3.09,1404.1789763530887
479,0.010434482758620689,8.293103448275863,3.0700000000000003,2021.2065028965094
480,0.006989655172413793,4.879310344827586,3.06,847.0550868655532
481,0.05866206896551725,5.220689655172413,3.06,153.0804163787675
482,0.06210689655172414,5.562068965517241,3.0500000000000003,158.73360113579702
483,0.0001,1.806896551724138,3.04,86.00662713052589
484,0.006989655172413793,1.806896551724138,3.04,84.98052342973119
485,0.006989655172413793,1.4655172413793105,3.0300000000000002,51.14701463935171
486,0.06555172413793103,9.317241379310344,3.0300000000000002,332.45864582284685
487,0.0035448275862068964,1.806896551724138,3.0300000000000002,83.83313312953351
488,0.0035448275862068964,5.562068965517241,3.0100000000000002,1477.908198997182
489,0.0035448275862068964,1.4655172413793105,3.0100000000000002,53.83827481077196
490,0.010434482758620689,7.610344827586207,3.0,1770.5848827444047
491,0.0001,1.4655172413793105,3.0,49.217198911588866
492,0.0035448275862068964,5.220689655172413,2.99,1246.5458382025731
493,0.06210689655172414,9.658620689655173,2.99,368.34551516284864
494,0.010434482758620689,4.879310344827586,2.98,709.3207463989979
495,0.006989655172413793,7.268965517241379,2.98,2095.4757593553068
496,0.0035448275862068964,5.903448275862069,2.98,1683.995118416502
497,0.006989655172413793,5.562068965517241,2.97,1164.292303689257
498,0.05866206896551725,9.658620689655173,2.97,391.12031421804295
499,0.013879310344827585,5.903448275862069,2.97,878.4077563781138
500,0.06210689655172414,8.975862068965517,2.96,327.5462140304626
501,0.006989655172413793,5.220689655172413,2.96,1016.0924977053737
502,0.017324137931034482,5.220689655172413,2.95,585.789316098746
503,0.013879310344827585,4.879310344827586,2.95,599.7391869052649
504,0.006989655172413793,6.927586206896551,2.95,1888.5307860819503
505,0.010434482758620689,6.927586206896551,2.95,1458.7979040023124
506,0.010434482758620689,5.562068965517241,2.95,946.4439437289566
507,0.010434482758620689,5.220689655172413,2.95,818.7177925960586
508,0.006989655172413793,5.903448275862069,2.95,1326.0887551200422
509,0.013879310344827585,5.562068965517241,2.94,782.4024504808413
510,0.013879310344827585,5.220689655172413,2.94,691.5880317258807
511,0.010434482758620689,5.903448275862069,2.94,1072.9877364069125
512,0.010434482758620689,7.268965517241379,2.93,1630.7223260452356
513,0.013879310344827585,6.244827586206896,2.93,972.2241305546563
514,0.013879310344827585,6.586206896551724,2.92,1069.291239826388
515,0.0035448275862068964,6.244827586206896,2.92,2458.819193105497
516,0.06210689655172414,9.317241379310344,2.91,353.5329435874346
517,0.006989655172413793,6.244827586206896,2.91,1511.0427320162216
518,0.010434482758620689,6.244827586206896,2.9,1193.8601101166778
519,0.010434482758620689,6.586206896551724,2.9,1336.4452533987542
520,0.006989655172413793,6.586206896551724,2.9,1688.1711782348552
521,0.048327586206896554,7.610344827586207,2.89,356.6587706931091
522,0.05866206896551725,9.317241379310344,2.87,375.9182556564833
523,0.05866206896551725,8.975862068965517,2.86,351.5957754350884
524,0.06210689655172414,5.903448275862069,2.85,175.65630695334744
525,0.05866206896551725,5.562068965517241,2.75,170.424640946585
526,0.010434482758620689,10.0,2.57,2708.744069201285
527,0.013879310344827585,7.951724137931034,2.43,1533.1632667619565
528,0.006989655172413793,7.610344827586207,2.41,2278.9989252587366
529,0.006989655172413793,7.951724137931034,2.39,2522.0294642652825
530,0.010434482758620689,7.951724137931034,2.35,1925.7076282431262
531,0.05521724137931035,9.317241379310344,2.35,400.88983539163473
532,0.0001,3.513793103448276,1.96,518.3193183100584
533,0.0035448275862068964,3.513793103448276,1.95,436.7344625878086
534,0.0001,3.855172413793104,1.93,664.7148018813532
535,0.0035448275862068964,3.855172413793104,1.92,562.6418837765696
536,0.0001,3.1724137931034484,1.9000000000000001,390.55314504818716
537,0.0035448275862068964,3.1724137931034484,1.8900000000000001,341.23900550284
538,0.006989655172413793,2.148275862068966,1.85,121.60389101313694
539,0.0035448275862068964,2.148275862068966,1.85,128.13170983023247
540,0.0001,2.148275862068966,1.84,135.8863291941318
541,0.0001,2.831034482758621,1.84,287.2449222416426
542,0.0035448275862068964,2.831034482758621,1.83,259.75147739652834
543,0.006989655172413793,2.4896551724137934,1.82,172.79036721682633
544,0.0035448275862068964,2.4896551724137934,1.81,186.9289789085276
545,0.0001,2.4896551724137934,1.81,202.68590051356523
546,0.0001,4.196551724137931,1.81,859.6723507199426
547,0.0001,4.537931034482758,1.35,1071.7432484110277
